	Domain	Supergroup	Division	Subdivision	Class	Order	Family	Genus	Species
OTU01	Eukaryota	Obazoa	Opisthokonta	Ichthyosporea	Ichthyophonida	Abeoformidae	Abeoformidae_Group_MAIP_2	Abeoformidae_Group_MAIP_2_X	Abeoformidae_Group_MAIP_2_X_sp.
OTU02	Eukaryota	Amoebozoa	Discosea	Discosea_X	Centramoebia	Acanthopodida	Acanthamoebidae	Acanthamoeba	Acanthamoeba_lenticulata
OTU03	Eukaryota	Amoebozoa	Discosea	Discosea_X	Centramoebia	Acanthopodida	Acanthamoebidae	Acanthamoeba	Acanthamoeba_sp.
OTU04	Eukaryota	Obazoa	Opisthokonta	Metazoa	Arthropoda	Crustacea	Malacostraca	Acanthephyra	Acanthephyra_eximia
OTU05	Eukaryota	Obazoa	Opisthokonta	Metazoa	Acanthocephala	Acanthocephala_X	Acanthocephala_XX	Acanthocephalus	Acanthocephalus_anguillae
OTU06	Eukaryota	Obazoa	Opisthokonta	Metazoa	Acanthocephala	Acanthocephala_X	Acanthocephala_XX	Acanthocephalus	Acanthocephalus_dirus
OTU07	Eukaryota	TSAR	Rhizaria	Radiolaria	Acantharea	Acantharea_B	Acantharea_B1	Acanthochiasma	Acanthochiasma_sp.
OTU08	Eukaryota	Obazoa	Opisthokonta	Metazoa	Craniata	Craniata_X	Lepidosauria	Acanthodactylus	Acanthodactylus_boskianus
OTU09	Eukaryota	TSAR	Rhizaria	Radiolaria	Acantharea	Acantharea_A	Acantharea_A_X	Acanthoplegma	Acanthoplegma_sp.
OTU10	Eukaryota	Obazoa	Opisthokonta	Fungi	Mucoromycota	Glomeromycotina	Diversisporales	Acaulospora	Acaulospora_sp.
OTU100	Eukaryota	Obazoa	Opisthokonta	Metazoa	Myxozoa	Myxozoa_X	Myxosporea	Chloromyxum	Chloromyxum_legeri
OTU101	Eukaryota	Archaeplastida	Chlorophyta	Chlorophyta_X	Trebouxiophyceae	Chlorellales	Chlorellales_X	Chloroparva	Chloroparva_pannonica
OTU102	Eukaryota	Archaeplastida	Chlorophyta	Chlorophyta_X	Chloropicophyceae	Chloropicales	Chloropicaceae	Chloroparvula	Chloroparvula_pacifica
OTU103	Eukaryota	Archaeplastida	Chlorophyta	Chlorophyta_X	Chlorophyta_XX	Chlorophyta_XXX	Chlorophyta_XXXX	Chlorophyta_XXXXX	Chlorophyta_XXXXX_sp.
OTU104	Eukaryota	Archaeplastida	Chlorophyta	Chlorophyta_X	Chloropicophyceae	Chloropicales	Chloropicaceae	Chloropicon	Chloropicon_laureae
OTU105	Eukaryota	Archaeplastida	Chlorophyta	Chlorophyta_X	Chloropicophyceae	Chloropicales	Chloropicaceae	Chloropicon	Chloropicon_roscoffensis
OTU106	Eukaryota	Obazoa	Opisthokonta	Metazoa	Craniata	Craniata_X	Craniata_XX	Choloepus	Choloepus_hoffmanni
OTU107	Bacteria	Terrabacteria	Firmicutes	Firmicutes_X	Clostridia	Clostridiales	Christensenellaceae	Christensenellaceae_X	Christensenellaceae_X_sp.
OTU108	Eukaryota	Obazoa	Opisthokonta	Fungi	Basidiomycota	Agaricomycotina	Agaricomycetes	Chroogomphus	Chroogomphus_rutilus
OTU109	Eukaryota	Cryptista	Cryptophyta	Cryptophyta_X	Cryptophyceae	Cryptomonadales	Hemiselmidaceae	Chroomonas	Chroomonas_coerulea
OTU11	Bacteria	PANNAM	Proteobacteria	Proteobacteria_X	Gammaproteobacteria	Betaproteobacteriales	Burkholderiaceae	Achromobacter	Achromobacter_spanius
OTU110	Eukaryota	Cryptista	Cryptophyta	Cryptophyta_X	Cryptophyceae	Cryptomonadales	Hemiselmidaceae	Chroomonas	Chroomonas_sp.
OTU111	Eukaryota	Obazoa	Opisthokonta	Metazoa	Craniata	Craniata_X	Testudines	Chrysemys	Chrysemys_sp.
OTU112	Eukaryota	Haptista	Haptophyta	Haptophyta_X	Prymnesiophyceae	Prymnesiales	Chrysochromulinaceae	Chrysochromulina	Chrysochromulina_sp.
OTU113	Eukaryota	Obazoa	Opisthokonta	Metazoa	Nematoda	Enoplea	Enoplea_X	Chrysonema	Chrysonema_attenuatum
OTU114	Eukaryota	Archaeplastida	Rhodophyta	Rhodophyta_X	Florideophyceae	Rhodymeniales	Rhodymeniales_X	Chylocladia	Chylocladia_schneideri
OTU115	Eukaryota	Obazoa	Opisthokonta	Fungi	Chytridiomycota	Chytridiales	Chytridiales_X	Chytridiales_XX	Chytridiales_XX_sp.
OTU116	Eukaryota	TSAR	Rhizaria	Foraminifera	Globothalamea	Rotaliida	Cibicididae	Cibicidoides	Cibicidoides_pachyderma
OTU117	Eukaryota	Obazoa	Opisthokonta	Metazoa	Urochordata	Urochordata_X	Ascidiacea	Ciona	Ciona_intestinalis
OTU118	Bacteria	PANNAM	Proteobacteria	Proteobacteria_X	Gammaproteobacteria	Enterobacteriales	Enterobacteriaceae	Citrobacter	Citrobacter_freundii
OTU119	Eukaryota	TSAR	Rhizaria	Radiolaria	Polycystinea	Spumellaria	Astrosphaeridae	Cladococcus	Cladococcus_scoparius
OTU12	Bacteria	PANNAM	Proteobacteria	Proteobacteria_X	Gammaproteobacteria	Ectothiorhodospirales	Acidihalobacteraceae	Acidihalobacter	Acidihalobacter_sp.
OTU120	Eukaryota	Amoebozoa	Evosea	Eumycetozoa	Myxogastria_Fuscisporidia	Echinosteliida	Echinosteliida_X	Clastoderma	Clastoderma_debaryanum
OTU121	Eukaryota	Obazoa	Opisthokonta	Fungi	Ascomycota	Saccharomycotina	Saccharomycetales	Clavispora	Clavispora_lusitaniae
OTU122	Eukaryota	Obazoa	Opisthokonta	Metazoa	Arthropoda	Hexapoda	Insecta	Clephydroneura	Clephydroneura_sp.
OTU123	Bacteria	Terrabacteria	Firmicutes	Firmicutes_X	Clostridia	Clostridiales	Peptostreptococcaceae	Clostridioides	Clostridioides_sp.
OTU124	Bacteria	Terrabacteria	Firmicutes	Firmicutes_X	Clostridia	Clostridiales	Clostridiaceae_1	Clostridium_sensu_stricto_11	Clostridium_sensu_stricto_11_sp.
OTU125	Bacteria	Terrabacteria	Firmicutes	Firmicutes_X	Clostridia	Clostridiales	Clostridiaceae_1	Clostridium_sensu_stricto_7	Clostridium_sensu_stricto_7_sp.
OTU126	Eukaryota	Obazoa	Opisthokonta	Fungi	Ascomycota	Pezizomycotina	Dothideomycetes	Cochliobolus	Cochliobolus_nisikadoi
OTU127	Eukaryota	Obazoa	Opisthokonta	Metazoa	Arthropoda	Hexapoda	Collembola	Collembola_X	Collembola_X_sp.
OTU128	Eukaryota	Obazoa	Opisthokonta	Fungi	Ascomycota	Pezizomycotina	Sordariomycetes	Colletotrichum	Colletotrichum_fragariae
OTU129	Eukaryota	Obazoa	Opisthokonta	Fungi	Ascomycota	Pezizomycotina	Sordariomycetes	Colletotrichum	Colletotrichum_gloeosporioides
OTU13	Bacteria	Terrabacteria	Actinobacteria	Actinobacteria_X	Actinobacteria_XX	Propionibacteriales	Propionibacteriaceae	Acidipropionibacterium	Acidipropionibacterium_sp.
OTU130	Eukaryota	Obazoa	Opisthokonta	Fungi	Ascomycota	Pezizomycotina	Leotiomycetes	Collophora	Collophora_africana
OTU131	Eukaryota	Obazoa	Opisthokonta	Fungi	Basidiomycota	Agaricomycotina	Agaricomycetes	Collybia	Collybia_sp.
OTU132	Eukaryota	Archaeplastida	Rhodophyta	Rhodophyta_X	Florideophyceae	Corallinales	Corallinales_X	Corallinales_XX	Corallinales_XX_sp.
OTU133	Eukaryota	Obazoa	Opisthokonta	Fungi	Ascomycota	Pezizomycotina	Pezizomycotina_X	Cordierites	Cordierites_sprucei
OTU134	Eukaryota	Obazoa	Opisthokonta	Metazoa	Craniata	Craniata_X	Craniata_XX	Craniata_XXX	Craniata_XXX_sp.
OTU135	Eukaryota	Obazoa	Opisthokonta	Metazoa	Craniata	Craniata_X	Mammalia	Cricetulus	Cricetulus_griseus
OTU136	Eukaryota	Obazoa	Opisthokonta	Metazoa	Craniata	Craniata_X	Craniata_XX	Crocuta	Crocuta_crocuta
OTU137	Eukaryota	TSAR	Rhizaria	Cercozoa	Filosa-Thecofilosea	Cryomonadida	Cryothecomonas-lineage	Cryothecomonas	Cryothecomonas_sp.
OTU138	Eukaryota	Cryptista	Cryptophyta	Cryptophyta_X	Cryptophyceae	Cryptomonadales	Cryptomonadales_X	Cryptomonadales_XX	Cryptomonadales_XX_sp.
OTU139	Bacteria	Terrabacteria	Actinobacteria	Actinobacteria_X	Actinobacteria_XX	Propionibacteriales	Propionibacteriaceae	Cutibacterium	Cutibacterium_sp.
OTU14	Bacteria	PANNAM	Proteobacteria	Proteobacteria_X	Gammaproteobacteria	Pseudomonadales	Moraxellaceae	Acinetobacter	Acinetobacter_baumannii
OTU140	Eukaryota	TSAR	Alveolata	Apicomplexa	Coccidiomorphea	Eimeriida	Eimeriidae	Cyclospora	Cyclospora_cayetanensis
OTU141	Eukaryota	TSAR	Stramenopiles	Gyrista	Bacillariophyceae	Bacillariales	Bacillariaceae	Cylindrotheca	Cylindrotheca_sp.
OTU142	Eukaryota	Obazoa	Opisthokonta	Metazoa	Arthropoda	Hexapoda	Insecta	Cyphopelta	Cyphopelta_modesta
OTU143	Eukaryota	Obazoa	Opisthokonta	Fungi	Ascomycota	Pezizomycotina	Eurotiomycetes	Dactylospora	Dactylospora_lobariella
OTU144	Eukaryota	Obazoa	Opisthokonta	Metazoa	Craniata	Craniata_X	Teleostei	Danio	Danio_rerio
OTU145	Eukaryota	Obazoa	Opisthokonta	Metazoa	Arthropoda	Crustacea	Branchiopoda	Daphnia	Daphnia_pulex
OTU146	Eukaryota	Obazoa	Opisthokonta	Metazoa	Craniata	Craniata_X	Mammalia	Dasypus	Dasypus_novemcinctus
OTU147	Eukaryota	Obazoa	Opisthokonta	Metazoa	Craniata	Craniata_X	Craniata_XX	Delphinapterus	Delphinapterus_leucas
OTU148	Eukaryota	Obazoa	Opisthokonta	Metazoa	Mollusca	Gastropoda	Neritopsina	Depressigyra	Depressigyra_sp.
OTU149	Eukaryota	Archaeplastida	Chlorophyta	Chlorophyta_X	Chlorophyceae	Sphaeropleales	Sphaeropleales_X	Desmodesmus	Desmodesmus_sp.
OTU15	Bacteria	PANNAM	Proteobacteria	Proteobacteria_X	Gammaproteobacteria	Pseudomonadales	Moraxellaceae	Acinetobacter	Acinetobacter_sp.
OTU150	Eukaryota	Obazoa	Opisthokonta	Metazoa	Arthropoda	Hexapoda	Insecta	Diaeretiella	Diaeretiella_rapae
OTU151	Eukaryota	Obazoa	Opisthokonta	Metazoa	Platyhelminthes	Monogenea	Monopisthocotylea	Dictyocotyle	Dictyocotyle_coeliaca
OTU152	Eukaryota	Obazoa	Opisthokonta	Metazoa	Arthropoda	Hexapoda	Insecta	Dieuches	Dieuches_sp.
OTU153	Eukaryota	Amoebozoa	Tubulinea	Tubulinea_X	Elardia	Arcellinida	Difflugina	Difflugia	Difflugia_acuminata
OTU154	Eukaryota	TSAR	Alveolata	Dinoflagellata	Syndiniales	Dino-Group-I	Dino-Group-I-Clade-1	Dino-Group-I-Clade-1_X	Dino-Group-I-Clade-1_X_sp.
OTU155	Eukaryota	TSAR	Alveolata	Dinoflagellata	Syndiniales	Dino-Group-I	Dino-Group-I-Clade-3	Dino-Group-I-Clade-3_X	Dino-Group-I-Clade-3_X_sp.
OTU156	Eukaryota	TSAR	Alveolata	Dinoflagellata	Syndiniales	Dino-Group-I	Dino-Group-I-Clade-4	Dino-Group-I-Clade-4_X	Dino-Group-I-Clade-4_X_sp.
OTU157	Eukaryota	TSAR	Alveolata	Dinoflagellata	Syndiniales	Dino-Group-I	Dino-Group-I-Clade-8	Dino-Group-I-Clade-8_X	Dino-Group-I-Clade-8_X_sp.
OTU158	Eukaryota	TSAR	Alveolata	Dinoflagellata	Syndiniales	Dino-Group-II	Dino-Group-II-Clade-15	Dino-Group-II-Clade-15_X	Dino-Group-II-Clade-15_X_sp.
OTU159	Eukaryota	TSAR	Alveolata	Dinoflagellata	Syndiniales	Dino-Group-II	Dino-Group-II-Clade-1	Dino-Group-II-Clade-1_X	Dino-Group-II-Clade-1_X_sp.
OTU16	Eukaryota	Obazoa	Opisthokonta	Metazoa	Craniata	Craniata_X	Acipenseriformes	Acipenser	Acipenser_fulvescens
OTU160	Eukaryota	TSAR	Alveolata	Dinoflagellata	Syndiniales	Dino-Group-II	Dino-Group-II-Clade-44	Dino-Group-II-Clade-44_X	Dino-Group-II-Clade-44_X_sp.
OTU161	Eukaryota	TSAR	Alveolata	Dinoflagellata	Syndiniales	Dino-Group-II	Dino-Group-II-Clade-6	Dino-Group-II-Clade-6_X	Dino-Group-II-Clade-6_X_sp.
OTU162	Eukaryota	TSAR	Alveolata	Dinoflagellata	Syndiniales	Dino-Group-II	Dino-Group-II-Clade-9	Dino-Group-II-Clade-9_X	Dino-Group-II-Clade-9_X_sp.
OTU163	Eukaryota	TSAR	Alveolata	Dinoflagellata	Dinophyceae	Dinophyceae_X	Dinophyceae_XX	Dinophyceae_XXX	Dinophyceae_XXX_sp.
OTU164	Eukaryota	TSAR	Alveolata	Dinoflagellata	Dinophyta_X	Dinophyta_XX	Dinophyta_XXX	Dinophyta_XXXX	Dinophyta_XXXX_sp.
OTU165	Eukaryota	Obazoa	Opisthokonta	Metazoa	Craniata	Craniata_X	Mammalia	Dipodomys	Dipodomys_ordii
OTU166	Eukaryota	Obazoa	Opisthokonta	Metazoa	Platyhelminthes	Cestoda	Eucestoda	Dipylidium	Dipylidium_caninum
OTU167	Eukaryota	Obazoa	Opisthokonta	Metazoa	Nematoda	Chromadorea	Chromadorea_X	Ditylenchus	Ditylenchus_sp.
OTU168	Eukaryota	Archaeplastida	Chlorophyta	Chlorophyta_X	Mamiellophyceae	Dolichomastigales	Dolichomastigaceae	Dolichomastigaceae-B	Dolichomastigaceae-B_sp.
OTU169	Eukaryota	Obazoa	Opisthokonta	Fungi	Ascomycota	Pezizomycotina	Dothideomycetes	Dothideomycetes_X	Dothideomycetes_X_sp.
OTU17	Bacteria	Terrabacteria	Firmicutes	Firmicutes_X	Bacilli	Lactobacillales	Aerococcaceae	Aerococcus	Aerococcus_sp.
OTU170	Eukaryota	Obazoa	Opisthokonta	Metazoa	Arthropoda	Hexapoda	Insecta	Drosophila	Drosophila_serrata
OTU171	Eukaryota	Archaeplastida	Chlorophyta	Chlorophyta_X	Chlorophyceae	Chlamydomonadales	Chlamydomonadales_X	Dunaliella	Dunaliella_sp.
OTU172	Eukaryota	Obazoa	Opisthokonta	Metazoa	Tardigrada	Tardigrada_X	Tardigrada_XX	Echiniscus	Echiniscus_sp.
OTU173	Eukaryota	Obazoa	Opisthokonta	Metazoa	Arthropoda	Crustacea	Malacostraca	Echinogammarus	Echinogammarus_anisocheirus
OTU174	Eukaryota	Obazoa	Opisthokonta	Metazoa	Craniata	Craniata_X	Craniata_XX	Echinops	Echinops_telfairi
OTU175	Eukaryota	TSAR	Stramenopiles	Gyrista	Phaeophyceae	Phaeophyceae_X	Phaeophyceae_XX	Ectocarpus	Ectocarpus_fasciculatus
OTU176	Bacteria	PANNAM	Proteobacteria	Proteobacteria_X	Gammaproteobacteria	Enterobacteriales	Enterobacteriaceae	Edwardsiella	Edwardsiella_sp.
OTU177	Eukaryota	TSAR	Alveolata	Apicomplexa	Coccidiomorphea	Eimeriida	Eimeriidae	Eimeria1	Eimeria1_brunetti
OTU178	Eukaryota	TSAR	Alveolata	Apicomplexa	Coccidiomorphea	Eimeriida	Eimeriidae	Eimeria6	Eimeria6_sp.
OTU179	Eukaryota	Archaeplastida	Streptophyta	Streptophyta_X	Embryophyceae	Embryophyceae_X	Embryophyceae_XX	Embryophyceae_XXX	Embryophyceae_XXX_sp.
OTU18	Eukaryota	Obazoa	Opisthokonta	Fungi	Basidiomycota	Agaricomycotina	Agaricomycetes	Agaricomycetes_X	Agaricomycetes_X_sp.
OTU180	Eukaryota	Obazoa	Opisthokonta	Metazoa	Craniata	Craniata_X	Lepidosauria	Emoia	Emoia_caeruleocauda
OTU181	Eukaryota	Obazoa	Opisthokonta	Metazoa	Craniata	Craniata_X	Lepidosauria	Emoia	Emoia_cyanura
OTU182	Eukaryota	Obazoa	Opisthokonta	Metazoa	Nematoda	Enoplea	Enoplea_X	Enoplea_XX	Enoplea_XX_sp.
OTU183	Bacteria	PANNAM	Proteobacteria	Proteobacteria_X	Alphaproteobacteria	Rhizobiales	Rhizobiaceae	Ensifer	Ensifer_sp.
OTU184	Eukaryota	Amoebozoa	Evosea	Evosea_X	Archamoebea	Archamoebea_X	Entamoebidae	Entamoeba	Entamoeba_histolytica
OTU185	Bacteria	Terrabacteria	Firmicutes	Firmicutes_X	Bacilli	Lactobacillales	Enterococcaceae	Enterococcus	Enterococcus_sp.
OTU186	Eukaryota	Archaeplastida	Streptophyta	Streptophyta_X	Embryophyceae	Embryophyceae_X	Embryophyceae_XX	Entosthodon	Entosthodon_bonplandii
OTU187	Eukaryota	Archaeplastida	Streptophyta	Streptophyta_X	Embryophyceae	Embryophyceae_X	Embryophyceae_XX	Epifagus	Epifagus_virginiana
OTU188	Eukaryota	TSAR	Rhizaria	Foraminifera	Globothalamea	Rotaliida	Epistominellidae	Epistominella	Epistominella_exigua
OTU189	Eukaryota	Obazoa	Opisthokonta	Metazoa	Craniata	Craniata_X	Mammalia	Equus	Equus_caballus
OTU19	Eukaryota	TSAR	Alveolata	Apicomplexa	Coccidiomorphea	Marosporida	Aggregatidae	Aggregata	Aggregata_octopiana
OTU190	Eukaryota	Obazoa	Opisthokonta	Metazoa	Craniata	Craniata_X	Mammalia	Erinaceus	Erinaceus_europaeus
OTU191	Eukaryota	Obazoa	Opisthokonta	Metazoa	Annelida	Annelida_X	Annelida_XX	Erseia	Erseia_oligochaeta
OTU192	Bacteria	PANNAM	Proteobacteria	Proteobacteria_X	Gammaproteobacteria	Enterobacteriales	Enterobacteriaceae	EscherichiaShigella	EscherichiaShigella_sp.
OTU193	Eukaryota	Obazoa	Opisthokonta	Metazoa	Arthropoda	Chelicerata	Arachnida	Eulohmannia	Eulohmannia_ribagai
OTU194	Eukaryota	Excavata	Discoba	Euglenozoa	Diplonemea	Diplonemida	Eupelagonemidae	Eupelagonemidae_X	Eupelagonemidae_X_sp.
OTU195	Eukaryota	Obazoa	Opisthokonta	Fungi	Ascomycota	Pezizomycotina	Eurotiomycetes	Eurotiomycetes_X	Eurotiomycetes_X_sp.
OTU196	Eukaryota	TSAR	Rhizaria	Radiolaria	Polycystinea	Spumellaria	Excentroconchidae	Excentroconchidae_X	Excentroconchidae_X_sp.
OTU197	Eukaryota	Obazoa	Opisthokonta	Fungi	Basidiomycota	Ustilaginomycotina	Exobasidiomycetes	Exobasidiomycetes_X	Exobasidiomycetes_X_sp.
OTU198	Eukaryota	TSAR	Alveolata	Ciliophora	Oligohymenophorea	Scuticociliatia_2	Pleuronematida	Falcicyclidium	Falcicyclidium_atractodes
OTU199	Eukaryota	Obazoa	Opisthokonta	Metazoa	Craniata	Craniata_X	Craniata_XX	Felis	Felis_catus
OTU20	Eukaryota	Obazoa	Opisthokonta	Metazoa	Craniata	Craniata_X	Craniata_XX	Ailuropoda	Ailuropoda_melanoleuca
OTU200	Eukaryota	TSAR	Stramenopiles	Gyrista	Bacillariophyceae	Bacillariales	Bacillariaceae	Fragilariopsis	Fragilariopsis_kerguelensis
OTU201	Eukaryota	Obazoa	Opisthokonta	Fungi	Fungi_X	Fungi_XX	Fungi_XXX	Fungi_XXXX	Fungi_XXXX_sp.
OTU202	Eukaryota	Obazoa	Opisthokonta	Metazoa	Craniata	Craniata_X	Archosauria	Gallus	Gallus_gallus
OTU203	Eukaryota	Archaeplastida	Rhodophyta	Rhodophyta_X	Florideophyceae	Gigartinales	Gigartinales_X	Gardneriella	Gardneriella_tuberifera
OTU204	Eukaryota	Obazoa	Opisthokonta	Fungi	Ascomycota	Saccharomycotina	Saccharomycetales	Geotrichum	Geotrichum_candidum
OTU205	Eukaryota	Obazoa	Opisthokonta	Metazoa	Platyhelminthes	Turbellaria	Rhabdocoela	Gieysztoria	Gieysztoria_rubra
OTU206	Eukaryota	TSAR	Rhizaria	Cercozoa	Filosa-Sarcomonadea	Glissomonadida	Glissomonadida_Clade-Y	Glissomonadida_Clade-Y_X	Glissomonadida_Clade-Y_X_sp.
OTU207	Eukaryota	Obazoa	Opisthokonta	Fungi	Ascomycota	Pezizomycotina	Sordariomycetes	Glomerella	Glomerella_cingulata
OTU208	Eukaryota	Obazoa	Opisthokonta	Fungi	Mucoromycota	Glomeromycotina	Glomeromycotina_X	Glomeromycotina_XX	Glomeromycotina_XX_sp.
OTU209	Eukaryota	Obazoa	Opisthokonta	Fungi	Mucoromycota	Glomeromycotina	Glomerales	Glomus	Glomus_sp.
OTU21	Eukaryota	Obazoa	Opisthokonta	Fungi	Ascomycota	Pezizomycotina	Eurotiomycetes	Ajellomyces	Ajellomyces_dermatitidis
OTU210	Eukaryota	Obazoa	Opisthokonta	Metazoa	Arthropoda	Hexapoda	Insecta	Glossina	Glossina_palpalis
OTU211	Eukaryota	Obazoa	Opisthokonta	Metazoa	Annelida	Annelida_X	Annelida_XX	Golfingia	Golfingia_vulgaris
OTU212	Eukaryota	Cryptista	Cryptophyta	Cryptophyta_X	Cryptophyceae	Goniomonadales	Goniomonadales_X	Goniomonas	Goniomonas_sp.
OTU213	Eukaryota	Obazoa	Opisthokonta	Metazoa	Arthropoda	Hexapoda	Insecta	Goniozus	Goniozus_sp.
OTU214	Eukaryota	Obazoa	Opisthokonta	Metazoa	Craniata	Craniata_X	Craniata_XX	Gorilla	Gorilla_gorilla
OTU215	Eukaryota	Obazoa	Opisthokonta	Fungi	Ascomycota	Pezizomycotina	Pezizomycotina_X	Gyalideopsis	Gyalideopsis_vulgaris
OTU216	Eukaryota	Obazoa	Opisthokonta	Fungi	Ascomycota	Pezizomycotina	Lecanoromycetes	Gymnoderma	Gymnoderma_coccocarpum
OTU217	Eukaryota	Archaeplastida	Streptophyta	Streptophyta_X	Embryophyceae	Embryophyceae_X	Embryophyceae_XX	Gymnosiphon	Gymnosiphon_divaricatus
OTU218	Eukaryota	Obazoa	Opisthokonta	Metazoa	Platyhelminthes	Monogenea	Monopisthocotylea	Gyrodactyloides	Gyrodactyloides_bychowskii
OTU219	Eukaryota	Obazoa	Opisthokonta	Metazoa	Porifera	Porifera_X	Demospongiae	Haliclona	Haliclona_vansoesti
OTU22	Eukaryota	Obazoa	Opisthokonta	Fungi	Basidiomycota	Agaricomycotina	Agaricomycetes	Albatrellus	Albatrellus_sp.
OTU220	Eukaryota	TSAR	Stramenopiles	Bigyra	Bicoecea	Bicoecales	Bicoecaceae	Halocafeteria	Halocafeteria_sp.
OTU221	Bacteria	PANNAM	Proteobacteria	Proteobacteria_X	Gammaproteobacteria	Oceanospirillales	Halomonadaceae	Halomonas	Halomonas_sp.
OTU222	Eukaryota	TSAR	Rhizaria	Cercozoa	Endomyxa-Ascetosporea	Haplosporida	Haplosporidiidae	Haplosporidiidae_X	Haplosporidiidae_X_sp.
OTU223	Eukaryota	TSAR	Rhizaria	Cercozoa	Endomyxa-Ascetosporea	Haplosporida	Haplosporidiidae	Haplosporidium	Haplosporidium_littoralis
OTU224	Eukaryota	Obazoa	Opisthokonta	Choanoflagellata	Choanoflagellatea	Choanoflagellatea_X	Choanoflagellatea_XX	Hartaetosiga	Hartaetosiga_gracilis
OTU225	Bacteria	PANNAM	Epsilonbacteraeota	Epsilonbacteraeota_X	Campylobacteria	Campylobacterales	Helicobacteraceae	Helicobacter	Helicobacter_sp.
OTU226	Eukaryota	TSAR	Rhizaria	Radiolaria	Polycystinea	Spumellaria	Astrosphaeridae	Heliosphaera	Heliosphaera_sp.
OTU227	Eukaryota	Obazoa	Opisthokonta	Metazoa	Arthropoda	Hexapoda	Insecta	Henestaris	Henestaris_oschanini
OTU228	Eukaryota	TSAR	Alveolata	Dinoflagellata	Dinophyceae	Peridiniales	Heterocapsaceae	Heterocapsa	Heterocapsa_nei/rotundata
OTU229	Eukaryota	Archaeplastida	Chlorophyta	Chlorophyta_X	Trebouxiophyceae	Watanabea-Clade	Watanabea-Clade_X	Heveochlorella	Heveochlorella_sp.
OTU23	Eukaryota	Obazoa	Opisthokonta	Fungi	Ascomycota	Pezizomycotina	Pezizomycotina_X	Albotricha	Albotricha_guangxiensis
OTU230	Eukaryota	Obazoa	Opisthokonta	Metazoa	Craniata	Craniata_X	Craniata_XX	Hexamermis	Hexamermis_albicans
OTU231	Eukaryota	TSAR	Alveolata	Ciliophora	Oligohymenophorea	Scuticociliatia_2	Ctedoctematidae	Hippocomos	Hippocomos_salinus
OTU232	Eukaryota	Obazoa	Opisthokonta	Fungi	Ascomycota	Pezizomycotina	Sordariomycetes	Hirsutella	Hirsutella_rhossiliensis
OTU233	Eukaryota	Obazoa	Opisthokonta	Metazoa	Craniata	Craniata_X	Mammalia	Homo	Homo_sapiens
OTU234	Eukaryota	Archaeplastida	Chlorophyta	Chlorophyta_X	Chlorophyceae	Sphaeropleales	Sphaeropleales_X	Hylodesmus	Hylodesmus_singaporensis
OTU235	Eukaryota	Obazoa	Opisthokonta	Fungi	Ascomycota	Pezizomycotina	Leotiomycetes	Hymenoscyphus	Hymenoscyphus_sp.
OTU236	Eukaryota	Obazoa	Opisthokonta	Fungi	Ascomycota	Pezizomycotina	Lecanoromycetes	Hyperphyscia	Hyperphyscia_adglutinata
OTU237	Eukaryota	Obazoa	Opisthokonta	Metazoa	Craniata	Craniata_X	Mammalia	Ictidomys	Ictidomys_tridecemlineatus
OTU238	Bacteria	PANNAM	Proteobacteria	Proteobacteria_X	Gammaproteobacteria	Alteromonadales	Idiomarinaceae	Idiomarina	Idiomarina_sp.
OTU239	Eukaryota	TSAR	Alveolata	Ciliophora	Litostomatea	Trichostomatia	Isotrichidae_2	Isotrichidae_2_X	Isotrichidae_2_X_sp.
OTU24	Eukaryota	TSAR	Alveolata	Chrompodellids	Colpodellidea	Colpodellida	Alphamonaceae	Alphamonadea_ALPH1	Alphamonadea_ALPH1_sp.
OTU240	Eukaryota	Obazoa	Opisthokonta	Fungi	Ascomycota	Pezizomycotina	Dothideomycetes	Keissleriella	Keissleriella_gloeospora
OTU241	Bacteria	Terrabacteria	Actinobacteria	Actinobacteria_X	Actinobacteria_XX	Streptomycetales	Streptomycetaceae	Kitasatospora	Kitasatospora_sp.
OTU242	Bacteria	PANNAM	Proteobacteria	Proteobacteria_X	Gammaproteobacteria	Enterobacteriales	Enterobacteriaceae	Klebsiella	Klebsiella_pneumoniae
OTU243	Bacteria	PANNAM	Proteobacteria	Proteobacteria_X	Gammaproteobacteria	Enterobacteriales	Enterobacteriaceae	Klebsiella	Klebsiella_variicola
OTU244	Bacteria	PANNAM	Proteobacteria	Proteobacteria_X	Alphaproteobacteria	Acetobacterales	Acetobacteraceae	Komagataeibacter	Komagataeibacter_hansenii
OTU245	Eukaryota	Cryptista	Cryptophyta	Cryptophyta_X	Cryptophyceae	Cryptomonadales	Cryptomonadales_X	Komma	Komma_caudata
OTU246	Eukaryota	Obazoa	Opisthokonta	Metazoa	Echinodermata	Echinodermata_X	Echinodermata_XX	Labidoplax	Labidoplax_digitata
OTU247	Eukaryota	TSAR	Stramenopiles	Bigyra	Sagenista	Labyrinthulomycetes	Labyrinthulaceae	Labyrinthula	Labyrinthula_sp.
OTU248	Eukaryota	TSAR	Stramenopiles	Bigyra	Sagenista	Labyrinthulomycetes	Labyrinthulomycetes_LAB14	Labyrinthulomycetes_LAB14_X	Labyrinthulomycetes_LAB14_X_sp.
OTU249	Bacteria	Terrabacteria	Firmicutes	Firmicutes_X	Bacilli	Lactobacillales	Lactobacillaceae	Lactobacillus	Lactobacillus_pentosus
OTU25	Bacteria	PANNAM	Proteobacteria	Proteobacteria_X	Gammaproteobacteria	Alteromonadales	Alteromonadaceae	Alteromonadaceae_X	Alteromonadaceae_X_sp.
OTU250	Bacteria	Terrabacteria	Firmicutes	Firmicutes_X	Bacilli	Lactobacillales	Lactobacillaceae	Lactobacillus	Lactobacillus_sp.
OTU251	Eukaryota	Obazoa	Opisthokonta	Fungi	Basidiomycota	Agaricomycotina	Agaricomycetes	Laetiporus	Laetiporus_sulphureus
OTU252	Eukaryota	Obazoa	Opisthokonta	Metazoa	Arthropoda	Hexapoda	Insecta	Laryngodus	Laryngodus_sp.
OTU253	Eukaryota	Obazoa	Opisthokonta	Fungi	Ascomycota	Pezizomycotina	Leotiomycetes	Leotiomycetes_X	Leotiomycetes_X_sp.
OTU254	Eukaryota	Obazoa	Opisthokonta	Metazoa	Arthropoda	Hexapoda	Insecta	Lepidophthirus	Lepidophthirus_macrorihini
OTU255	Eukaryota	Obazoa	Opisthokonta	Fungi	Ascomycota	Pezizomycotina	Lecanoromycetes	Leptochidium	Leptochidium_albociliatum
OTU256	Bacteria	PANNAM	Proteobacteria	Proteobacteria_X	Gammaproteobacteria	Betaproteobacteriales	Burkholderiaceae	Limnobacter	Limnobacter_sp.
OTU257	Eukaryota	Archaeplastida	Streptophyta	Streptophyta_X	Embryophyceae	Embryophyceae_X	Embryophyceae_XX	Linum	Linum_usitatissimum
OTU258	Eukaryota	TSAR	Rhizaria	Radiolaria	Polycystinea	Spumellaria	Liosphaeroidea_X	Liosphaeroidea_XX	Liosphaeroidea_XX_sp.
OTU259	Eukaryota	Obazoa	Opisthokonta	Metazoa	Craniata	Craniata_X	Mammalia	Loxodonta	Loxodonta_africana
OTU26	Eukaryota	Obazoa	Opisthokonta	Fungi	Opisthosporidia	Microsporida	Microsporida_X	Amblyospora	Amblyospora_stimuli
OTU260	Eukaryota	Obazoa	Opisthokonta	Metazoa	Entoprocta	Entoprocta_X	Entoprocta_XX	Loxosomella	Loxosomella_profundorum
OTU261	Eukaryota	Obazoa	Opisthokonta	Fungi	Ascomycota	Pezizomycotina	Sordariomycetes	Lulworthia	Lulworthia_sp.
OTU262	Eukaryota	Obazoa	Opisthokonta	Metazoa	Arthropoda	Hexapoda	Insecta	Pifanomyia	Lutzomyia_robusta
OTU263	Eukaryota	TSAR	Stramenopiles	Bigyra	Opalozoa	Bicosoecida	MAST-16	MAST-16_X	MAST-16_X_sp.
OTU264	Eukaryota	TSAR	Stramenopiles	Bigyra	Opalozoa	Nanomonadea	MAST-3	MAST-3C	MAST-3C_sp.
OTU265	Eukaryota	TSAR	Stramenopiles	Bigyra	Sagenista	Sagenista_X	MAST-4	MAST-4A	MAST-4A_sp.
OTU266	Eukaryota	Obazoa	Opisthokonta	Metazoa	Craniata	Craniata_X	Mammalia	Macaca	Macaca_fascicularis
OTU267	Eukaryota	Obazoa	Opisthokonta	Metazoa	Craniata	Craniata_X	Mammalia	Macaca	Macaca_mulatta
OTU268	Eukaryota	Obazoa	Opisthokonta	Metazoa	Mollusca	Bivalvia	Heteroconchia	Macoma	Macoma_nasuta
OTU269	Eukaryota	Obazoa	Opisthokonta	Metazoa	Arthropoda	Chelicerata	Arachnida	Malacoangelia	Malacoangelia_remigera
OTU27	Eukaryota	Obazoa	Opisthokonta	Metazoa	Platyhelminthes	Turbellaria	Acoelomorpha	Amphiscolops	Amphiscolops_sp.
OTU270	Eukaryota	Obazoa	Opisthokonta	Fungi	Basidiomycota	Ustilaginomycotina	Exobasidiomycetes	Malassezia	Malassezia_globosa
OTU271	Eukaryota	Obazoa	Opisthokonta	Fungi	Basidiomycota	Ustilaginomycotina	Exobasidiomycetes	Malassezia	Malassezia_japonica
OTU272	Eukaryota	Obazoa	Opisthokonta	Metazoa	Craniata	Craniata_X	Mammalia	Mammalia_X	Mammalia_X_sp.
OTU273	Eukaryota	CRuMs	Mantamonadidea	Mantamonadidea_X	Mantamonadida	Mantamonadida_X	Mantamonadida_XX	Mantamonas	Mantamonas_plastica
OTU274	Eukaryota	Obazoa	Opisthokonta	Fungi	Ascomycota	Pezizomycotina	Sordariomycetes	Marinokulati	Marinokulati_chaetosa
OTU275	Eukaryota	Amoebozoa	Evosea	Evosea_X	Archamoebea	Pelobiontida	Pelobiontida_X	Mastigella	Mastigella_erinacea
OTU276	Eukaryota	Obazoa	Opisthokonta	Fungi	Chytridiomycota	Lobulomycetales	Lobulomycetaceae	Maunachytrium	Maunachytrium_keaense
OTU277	Eukaryota	Obazoa	Opisthokonta	Metazoa	Arthropoda	Crustacea	Maxillopoda	Maxillopoda_X	Maxillopoda_X_sp.
OTU278	Eukaryota	Amoebozoa	Discosea	Discosea_X	Flabellinia	Dermamoebida	Mayorellidae	Mayorella	Mayorella_gemmifera
OTU279	Eukaryota	Obazoa	Opisthokonta	Metazoa	Arthropoda	Hexapoda	Insecta	Mecopoda	Mecopoda_elongata
OTU28	Eukaryota	Obazoa	Opisthokonta	Metazoa	Craniata	Craniata_X	Archosauria	Anas	Anas_platyrhynchos
OTU280	Eukaryota	TSAR	Stramenopiles	Gyrista	Developea	Developea_X	Developea_XX	Mediocremonas	Mediocremonas_mediterraneus
OTU281	Eukaryota	TSAR	Stramenopiles	Gyrista	Mediophyceae	Mediophyceae_X	Mediophyceae_XX	Mediophyceae_XXX	Mediophyceae_XXX_sp.
OTU282	Eukaryota	Obazoa	Opisthokonta	Metazoa	Arthropoda	Hexapoda	Insecta	Megachile	Megachile_rotundata
OTU283	Eukaryota	Obazoa	Opisthokonta	Fungi	Ascomycota	Pezizomycotina	Lecanoromycetes	Megaspora	Megaspora_verrucosa
OTU284	Eukaryota	Obazoa	Opisthokonta	Metazoa	Craniata	Craniata_X	Lepidosauria	Mesalina	Mesalina_guttulata
OTU285	Eukaryota	Obazoa	Opisthokonta	Metazoa	Metazoa_X	Metazoa_XX	Metazoa_XXX	Metazoa_XXXX	Metazoa_XXXX_sp.
OTU286	Eukaryota	Obazoa	Opisthokonta	Fungi	Ascomycota	Saccharomycotina	Saccharomycetales	Metschnikowia	Metschnikowia_continentalis
OTU287	Eukaryota	Obazoa	Opisthokonta	Metazoa	Craniata	Craniata_X	Mammalia	Microcebus	Microcebus_murinus
OTU288	Eukaryota	Obazoa	Opisthokonta	Fungi	Ascomycota	Pezizomycotina	Pezizomycotina_X	Micropeltis	Micropeltis_sp.
OTU289	Eukaryota	Obazoa	Opisthokonta	Fungi	Ascomycota	Pezizomycotina	Pezizomycotina_X	Micropeltis	Micropeltis_zingiberacicola
OTU29	Eukaryota	TSAR	Alveolata	Apicomplexa	Gregarinomorphea	Gregarinomorphea_X	Gregarinomorphea_XX	Ancora	Ancora_sagittata
OTU290	Eukaryota	Obazoa	Opisthokonta	Metazoa	Platyhelminthes	Cestoda	Eucestoda	Moniezia	Moniezia_benedeni
OTU291	Eukaryota	Obazoa	Opisthokonta	Metazoa	Craniata	Craniata_X	Mammalia	Monodelphis	Monodelphis_domestica
OTU292	Eukaryota	Excavata	Discoba	Euglenozoa	Euglenida	Euglenophyceae	Euglenaceae	Monomorphina	Monomorphina_pyrum
OTU293	Eukaryota	Archaeplastida	Chlorophyta	Chlorophyta_X	Chlorophyceae	Sphaeropleales	Selenastraceae	Monoraphidium	Monoraphidium_terrestre
OTU294	Eukaryota	Obazoa	Opisthokonta	Fungi	Ascomycota	Pezizomycotina	Pezizomycetes	Morchella	Morchella_septimelata
OTU295	Eukaryota	Obazoa	Opisthokonta	Fungi	Mucoromycota	Mucoromycotina	Mucorales	Mucor	Mucor_amphibiorum
OTU296	Eukaryota	Obazoa	Opisthokonta	Metazoa	Craniata	Craniata_X	Mammalia	Mus	Mus_fragilicauda
OTU297	Eukaryota	Obazoa	Opisthokonta	Metazoa	Craniata	Craniata_X	Mammalia	Mus	Mus_musculus
OTU298	Eukaryota	Obazoa	Opisthokonta	Metazoa	Craniata	Craniata_X	Mammalia	Mustela	Mustela_putorius_furo
OTU299	Bacteria	Terrabacteria	Tenericutes	Tenericutes_X	Mollicutes	Mycoplasmatales	Mycoplasmataceae	Mycoplasma	Mycoplasma_sp.
OTU30	Eukaryota	Obazoa	Opisthokonta	Metazoa	Arthropoda	Hexapoda	Insecta	Anomiopsyllus	Anomiopsyllus_amphibolus
OTU300	Eukaryota	Obazoa	Opisthokonta	Metazoa	Craniata	Craniata_X	Craniata_XX	Myotis	Myotis_lucifugus
OTU301	Eukaryota	Obazoa	Opisthokonta	Fungi	Ascomycota	Saccharomycotina	Lipomycetaceae	Myxozyma	Myxozyma_kluyveri
OTU302	Eukaryota	TSAR	Stramenopiles	Gyrista	Eustigmatophyceae	Eustigmatophyceae_X	Eustigmatophyceae_XX	Nannochloropsis	Nannochloropsis_oceanica
OTU303	Eukaryota	TSAR	Rhizaria	Foraminifera	Monothalamids	Monothalamids_X	Lagynidae	Nemogullmia	Nemogullmia_sp.
OTU304	Eukaryota	Obazoa	Opisthokonta	Metazoa	Arthropoda	Hexapoda	Insecta	Neoitamus	Neoitamus_cyanurus
OTU305	Eukaryota	Obazoa	Opisthokonta	Fungi	Ascomycota	Pezizomycotina	Pezizomycotina_X	Microthyriales	Neomicrothyrium_siamense
OTU306	Eukaryota	Amoebozoa	Discosea	Discosea_X	Flabellinia	Dactylopodida	Paramoebidae	Neoparamoeba	Neoparamoeba_aestuarina
OTU307	Eukaryota	Archaeplastida	Streptophyta	Streptophyta_X	Embryophyceae	Embryophyceae_X	Embryophyceae_XX	Neottia	Neottia_nidus-avis
OTU308	Eukaryota	Obazoa	Opisthokonta	Fungi	Ascomycota	Pezizomycotina	Lecanoromycetes	Nephroma	Nephroma_parile
OTU309	Eukaryota	TSAR	Alveolata	Apicomplexa	Coccidiomorphea	Nephromycida	Nephromycidae	Nephromyces	Nephromyces_sp.
OTU31	Eukaryota	Obazoa	Opisthokonta	Metazoa	Arthropoda	Hexapoda	Insecta	Anopheles	Anopheles_gambiae
OTU310	Eukaryota	TSAR	Stramenopiles	Gyrista	Bacillariophyceae	Bacillariales	Bacillariaceae	Nitzschia	Nitzschia_sp.
OTU311	Eukaryota	Obazoa	Opisthokonta	Metazoa	Craniata	Craniata_X	Craniata_XX	Nomascus	Nomascus_leucogenys
OTU312	Eukaryota	Obazoa	Opisthokonta	Metazoa	Craniata	Craniata_X	Craniata_XX	Nyctereutes	Nyctereutes_procyonoides
OTU313	Eukaryota	TSAR	Alveolata	Ciliophora	Oligohymenophorea	Peritrichia_2	OLIGO3	OLIGO3_X	OLIGO3_X_sp.
OTU314	Eukaryota	Obazoa	Opisthokonta	Metazoa	Annelida	Annelida_X	Annelida_XX	Ochetostoma	Ochetostoma_erythrogrammon
OTU315	Eukaryota	Obazoa	Opisthokonta	Metazoa	Craniata	Craniata_X	Mammalia	Ochotona	Ochotona_princeps
OTU316	Eukaryota	Obazoa	Opisthokonta	Metazoa	Arthropoda	Hexapoda	Insecta	Ocyusa	Ocyusa_maura
OTU317	Eukaryota	Obazoa	Opisthokonta	Metazoa	Craniata	Craniata_X	Mammalia	Odocoileus	Odocoileus_sp.
OTU318	Eukaryota	Obazoa	Opisthokonta	Metazoa	Craniata	Craniata_X	Mammalia	Odocoileus	Odocoileus_virginianus
OTU319	Eukaryota	Obazoa	Opisthokonta	Metazoa	Echinodermata	Echinodermata_X	Echinodermata_XX	Odontaster	Odontaster_validus
OTU32	Eukaryota	Obazoa	Opisthokonta	Metazoa	Cnidaria	Cnidaria_X	Anthozoa	Antipathes	Antipathes_galapagensis
OTU320	Eukaryota	Obazoa	Opisthokonta	Metazoa	Arthropoda	Hexapoda	Insecta	Odontepyris	Odontepyris_formosicola
OTU321	Eukaryota	TSAR	Alveolata	Ciliophora	Spirotrichea	Oligotrichida	Oligotrichida_X	Oligotrichida_XX	Oligotrichida_XX_sp.
OTU322	Eukaryota	Obazoa	Opisthokonta	Metazoa	Nematoda	Enoplea	Enoplea_X	Oncholaimus	Oncholaimus_sp.
OTU323	Eukaryota	Archaeplastida	Chlorophyta	Chlorophyta_X	Trebouxiophyceae	Chlorellales	Chlorellales_X	Oocystis	Oocystis_ecballocystiformis
OTU324	Eukaryota	Archaeplastida	Chlorophyta	Chlorophyta_X	Trebouxiophyceae	Chlorellales	Chlorellales_X	Oocystis	Oocystis_nephrocytioides
OTU325	Eukaryota	TSAR	Alveolata	Ciliophora	Oligohymenophorea	Peritrichia_2	Operculariidae	Operculariidae_X	Operculariidae_X_sp.
OTU326	Eukaryota	Obazoa	Opisthokonta	Fungi	Ascomycota	Pezizomycotina	Sordariomycetes	Ophiocordyceps	Ophiocordyceps_cuboidea
OTU327	Eukaryota	Obazoa	Opisthokonta	Fungi	Ascomycota	Pezizomycotina	Sordariomycetes	Ophiocordyceps	Ophiocordyceps_heteropoda
OTU328	Eukaryota	Obazoa	Opisthokonta	Fungi	Ascomycota	Pezizomycotina	Sordariomycetes	Ophiocordyceps	Ophiocordyceps_longissima
OTU329	Eukaryota	TSAR	Alveolata	Ciliophora	Litostomatea	Trichostomatia	Ophryoscolecidae_1	Ophryoscolecidae_1_X	Ophryoscolecidae_1_X_sp.
OTU33	Eukaryota	Obazoa	Opisthokonta	Metazoa	Nematoda	Chromadorea	Chromadorea_X	Aphelenchoides	Aphelenchoides_sp.
OTU330	Eukaryota	Obazoa	Opisthokonta	Metazoa	Arthropoda	Hexapoda	Insecta	Opthalmopsylla	Opthalmopsylla_volgensis_palestinica
OTU331	Eukaryota	Archaeplastida	Streptophyta	Streptophyta_X	Embryophyceae	Embryophyceae_X	Embryophyceae_XX	Opuntia_plant	Opuntia_sp.
OTU332	Eukaryota	TSAR	Alveolata	Ciliophora	Phyllopharyngea	Synhymenia	Orthodonellidae	Orthodonellidae_X	Orthodonellidae_X_sp.
OTU333	Eukaryota	Obazoa	Opisthokonta	Metazoa	Craniata	Craniata_X	Mammalia	Oryctolagus	Oryctolagus_cuniculus
OTU334	Eukaryota	Archaeplastida	Streptophyta	Streptophyta_X	Embryophyceae	Embryophyceae_X	Embryophyceae_XX	Oryza	Oryza_sativa
OTU335	Eukaryota	Obazoa	Opisthokonta	Fungi	Ascomycota	Pezizomycotina	Sordariomycetes	Oxydothis	Oxydothis_ragae
OTU336	Eukaryota	Obazoa	Opisthokonta	Metazoa	Arthropoda	Hexapoda	Insecta	Pachygrontha	Pachygrontha_antennata
OTU337	Eukaryota	Obazoa	Opisthokonta	Metazoa	Craniata	Craniata_X	Craniata_XX	Pan	Pan_troglodytes
OTU338	Eukaryota	Archaeplastida	Streptophyta	Streptophyta_X	Embryophyceae	Embryophyceae_X	Embryophyceae_XX	Panax	Panax_ginseng
OTU339	Eukaryota	Obazoa	Opisthokonta	Metazoa	Platyhelminthes	Turbellaria	Catenulida	Paracatenula	Paracatenula_sp.
OTU34	Eukaryota	Obazoa	Opisthokonta	Metazoa	Arthropoda	Hexapoda	Insecta	Aphodius	Aphodius_lapponum
OTU340	Bacteria	Terrabacteria	Firmicutes	Firmicutes_X	Clostridia	Clostridiales	Peptostreptococcaceae	Paraclostridium	Paraclostridium_sp.
OTU341	Eukaryota	TSAR	Stramenopiles	Gyrista	Chrysophyceae	Paraphysomonadales	Paraphysomonadaceae	Paraphysomonas	Paraphysomonas_sp.
OTU342	Eukaryota	Obazoa	Opisthokonta	Fungi	Ascomycota	Pezizomycotina	Lecanoromycetes	Parmeliella	Parmeliella_appalachensis
OTU343	Eukaryota	Obazoa	Opisthokonta	Metazoa	Arthropoda	Hexapoda	Insecta	Paromius	Paromius_piratodes
OTU344	Eukaryota	TSAR	Alveolata	Perkinsea	Perkinsida	Perkinsida_X	Parviluciferaceae	Parviluciferaceae_X	Parviluciferaceae_X_sp.
OTU345	Eukaryota	Obazoa	Opisthokonta	Fungi	Ascomycota	Pezizomycotina	Eurotiomycetes	Penicillium	Penicillium_lagena
OTU346	Eukaryota	Obazoa	Opisthokonta	Fungi	Ascomycota	Pezizomycotina	Eurotiomycetes	Penicillium	Penicillium_sp.
OTU347	Bacteria	Terrabacteria	Firmicutes	Firmicutes_X	Clostridia	Clostridiales	Peptostreptococcaceae	Peptoclostridium	Peptoclostridium_sp.
OTU348	Eukaryota	TSAR	Alveolata	Perkinsea	Perkinsida	Perkinsida_X	Perkinsida_XX	Perkinsida_XXX	Perkinsida_XXX_sp.
OTU349	Eukaryota	TSAR	Alveolata	Perkinsea	Perkinsida	Perkinsida_X	Perkinsidae	Perkinsus	Perkinsus_marinus
OTU35	Eukaryota	Obazoa	Opisthokonta	Metazoa	Cnidaria	Cnidaria_X	Hydrozoa	Apolemia	Apolemia_sp.
OTU350	Eukaryota	Excavata	Discoba	Euglenozoa	Euglenida	Petalomonadida	Scytomonadidae	Petalomonas	Petalomonas_acorensis
OTU351	Eukaryota	Obazoa	Opisthokonta	Metazoa	Craniata	Craniata_X	Hyperoartia	Petromyzon	Petromyzon_marinus
OTU352	Eukaryota	Obazoa	Opisthokonta	Fungi	Ascomycota	Pezizomycotina	Pezizomycotina_X	Pezizomycotina_XX	Pezizomycotina_XX_sp.
OTU353	Bacteria	PANNAM	Proteobacteria	Proteobacteria_X	Gammaproteobacteria	Vibrionales	Vibrionaceae	Photobacterium	Photobacterium_sp.
OTU354	Eukaryota	Obazoa	Opisthokonta	Metazoa	Arthropoda	Hexapoda	Insecta	Phucobius	Phucobius_sp.
OTU355	Eukaryota	Obazoa	Opisthokonta	Fungi	Ascomycota	Pezizomycotina	Lecanoromycetes	Physcia	Physcia_aipolia
OTU356	Eukaryota	Obazoa	Opisthokonta	Metazoa	Arthropoda	Hexapoda	Insecta	Phytocoris	Phytocoris_intricatus
OTU357	Eukaryota	Archaeplastida	Chlorophyta	Chlorophyta_X	Trebouxiophyceae	Chlorellales	Chlorellales_X	Picochlorum	Picochlorum_sp.
OTU358	Eukaryota	Obazoa	Opisthokonta	Metazoa	Craniata	Craniata_X	Teleostei	Pimelabditus	Pimelabditus_moli
OTU359	Eukaryota	Archaeplastida	Streptophyta	Streptophyta_X	Embryophyceae	Embryophyceae_X	Embryophyceae_XX	Pinus	Pinus_massoniana
OTU36	Eukaryota	Obazoa	Opisthokonta	Metazoa	Arthropoda	Chelicerata	Arachnida	Arachnida_X	Arachnida_X_sp.
OTU360	Eukaryota	Eukaryota_X	Ancyromonadida	Ancyromonadida_X	Ancyromonadida_XX	Ancyromonadida_XXX	Ancyromonadida_Group-1	Ancyromonadida_Group-1_X	Planomonadidae_Group-1_X_sp.
OTU361	Eukaryota	Obazoa	Opisthokonta	Fungi	Ascomycota	Pezizomycotina	Sordariomycetes	Pleurotheciella	Pleurotheciella_centenaria
OTU362	Eukaryota	TSAR	Alveolata	Apicomplexa	Gregarinomorphea	Eugregarinorida	Polyplicariidae	Polyplicarium	Polyplicarium_sp.
OTU363	Eukaryota	Obazoa	Opisthokonta	Metazoa	Craniata	Craniata_X	Craniata_XX	Pongo	Pongo_abelii
OTU364	Eukaryota	Archaeplastida	Rhodophyta	Rhodophyta_X	Bangiophyceae	Bangiales	Bangiaceae	Porphyra	Porphyra_sp.
OTU365	Eukaryota	Obazoa	Opisthokonta	Metazoa	Arthropoda	Hexapoda	Insecta	Praon	Praon_volucre
OTU366	Eukaryota	Obazoa	Opisthokonta	Metazoa	Arthropoda	Hexapoda	Insecta	Pristocera	Pristocera_sp.
OTU367	Eukaryota	Obazoa	Opisthokonta	Metazoa	Arthropoda	Chelicerata	Arachnida	Procalvolia	Procalvolia_sp.
OTU368	Eukaryota	Obazoa	Opisthokonta	Metazoa	Craniata	Craniata_X	Craniata_XX	Procavia	Procavia_capensis
OTU369	Eukaryota	TSAR	Rhizaria	Cercozoa	Filosa-Thecofilosea	Cryomonadida	Protaspa-lineage	Protaspa-lineage_X	Protaspa-lineage_X_sp.
OTU37	Eukaryota	Obazoa	Opisthokonta	Metazoa	Arthropoda	Hexapoda	Insecta	Arcleda	Arcleda_fusca
OTU370	Eukaryota	TSAR	Alveolata	Ciliophora	Oligohymenophorea	Scuticociliatia_2	Scuticociliatia_2_X	Protophyra	Protophyra_ovicola
OTU371	Eukaryota	TSAR	Stramenopiles	Gyrista	Bacillariophyceae	Bacillariales	Bacillariaceae	Pseudo-nitzschia	Pseudo-nitzschia_australis
OTU372	Eukaryota	Obazoa	Opisthokonta	Metazoa	Nematoda	Chromadorea	Chromadorea_X	Pseudodiplogasterid	Pseudodiplogasterid_sp.
OTU373	Bacteria	PANNAM	Proteobacteria	Proteobacteria_X	Gammaproteobacteria	Oceanospirillales	Pseudohongiellaceae	Pseudohongiella	Pseudohongiella_sp.
OTU374	Bacteria	PANNAM	Proteobacteria	Proteobacteria_X	Gammaproteobacteria	Pseudomonadales	Pseudomonadaceae	Pseudomonas	Pseudomonas_sp.
OTU375	Bacteria	PANNAM	Proteobacteria	Proteobacteria_X	Gammaproteobacteria	Pseudomonadales	Pseudomonadaceae	Pseudomonas	Pseudomonas_syringae
OTU376	Eukaryota	Obazoa	Opisthokonta	Metazoa	Arthropoda	Hexapoda	Insecta	Pseudopachybrachius	Pseudopachybrachius_guttus
OTU377	Bacteria	Terrabacteria	Actinobacteria	Actinobacteria_X	Actinobacteria_XX	Propionibacteriales	Propionibacteriaceae	Pseudopropionibacterium	Pseudopropionibacterium_sp.
OTU378	Eukaryota	Obazoa	Opisthokonta	Metazoa	Arthropoda	Hexapoda	Insecta	Ptenidium	Ptenidium_laevigatum
OTU379	Eukaryota	Obazoa	Opisthokonta	Metazoa	Craniata	Craniata_X	Craniata_XX	Pteropus	Pteropus_vampyrus
OTU38	Eukaryota	Amoebozoa	Evosea	Eumycetozoa	Myxogastria_Lucisporidia	Myxogastria_Lucisporidia_X	Trichiidae	Arcyria	Arcyria_stipata
OTU380	Eukaryota	Archaeplastida	Rhodophyta	Rhodophyta_X	Bangiophyceae	Bangiales	Bangiaceae	Pyropia	Pyropia_dentata
OTU381	Eukaryota	Archaeplastida	Rhodophyta	Rhodophyta_X	Bangiophyceae	Bangiales	Bangiaceae	Pyropia	Pyropia_sp.
OTU382	Eukaryota	Obazoa	Opisthokonta	Metazoa	Arthropoda	Hexapoda	Insecta	Quasimus	Quasimus_sp.
OTU383	Eukaryota	TSAR	Rhizaria	Radiolaria	RAD-A	RAD-A_X	RAD-A_Xf	RAD-A_Xf_a	RAD-A_Xf_a_sp.
OTU384	Eukaryota	TSAR	Rhizaria	Radiolaria	RAD-B	RAD-B_X	RAD-B_X_Group-IV_X	RAD-B_X_Group-IV_XX	RAD-B_X_Group-IV_XX_sp.
OTU385	Eukaryota	TSAR	Rhizaria	Radiolaria	RAD-B	RAD-B_X	RAD-B_X_Group-If	RAD-B_X_Group-If_X	RAD-B_X_Group-If_X_sp.
OTU386	Eukaryota	Obazoa	Opisthokonta	Metazoa	Metazoa_X	Metazoa_XX	Metazoa_XXX	Raiarctus	Raiarctus_colurus
OTU387	Eukaryota	Obazoa	Opisthokonta	Metazoa	Arthropoda	Crustacea	Maxillopoda	Raillietiella	Raillietiella_orientalis
OTU388	Eukaryota	Obazoa	Opisthokonta	Fungi	Ascomycota	Pezizomycotina	Lecanoromycetes	Ramalina	Ramalina_complanata
OTU389	Eukaryota	Obazoa	Opisthokonta	Fungi	Ascomycota	Pezizomycotina	Lecanoromycetes	Ramboldia	Ramboldia_insidiosa
OTU39	Bacteria	Terrabacteria	Actinobacteria	Actinobacteria_X	Actinobacteria_XX	Micrococcales	Micrococcaceae	Arthrobacter	Arthrobacter_livingstonensis
OTU390	Eukaryota	Obazoa	Opisthokonta	Metazoa	Craniata	Craniata_X	Mammalia	Rattus	Rattus_norvegicus
OTU391	Eukaryota	Obazoa	Opisthokonta	Metazoa	Arthropoda	Hexapoda	Insecta	Remaudiereana	Remaudiereana_inornata
OTU392	Eukaryota	Cryptista	Cryptophyta	Cryptophyta_X	Cryptophyceae	Cryptomonadales	Cryptomonadales_X	Rhinomonas	Rhinomonas_pauca
OTU393	Eukaryota	TSAR	Rhizaria	Foraminifera	Monothalamids	Monothalamids_Clade-C	Astrorhizidae	Rhizammina	Rhizammina_algaeformis
OTU394	Eukaryota	Amoebozoa	Tubulinea	Tubulinea_X	Elardia	Leptomyxida	Rhizamoeba-saxonica-lineage	Rhizamoeba	Rhizamoeba_saxonica
OTU395	Eukaryota	Archaeplastida	Rhodophyta	Rhodophyta_X	Rhodellophyceae	Rhodellales	Rhodellales_X	Rhodella	Rhodella_violacea
OTU396	Bacteria	PANNAM	Proteobacteria	Proteobacteria_X	Alphaproteobacteria	Rhizobiales	Xanthobacteraceae	Rhodopseudomonas	Rhodopseudomonas_sp.
OTU397	Eukaryota	Archaeplastida	Rhodophyta	Rhodophyta_X	Stylonematophyceae	Stylonematales	Stylonemataceae	Rhodosorus	Rhodosorus_marinus
OTU398	Eukaryota	TSAR	Rhizaria	Cercozoa	Filosa-Thecofilosea	Cryomonadida	Rhogostoma-lineage	Rhogostoma-lineage_X	Rhogostoma-lineage_X_sp.
OTU399	Eukaryota	Excavata	Discoba	Euglenozoa	Diplonemea	Diplonemida	Diplonemidae	Rhynchopus	Rhynchopus_sp.
OTU40	Bacteria	Terrabacteria	Actinobacteria	Actinobacteria_X	Actinobacteria_XX	Micrococcales	Micrococcaceae	Arthrobacter	Arthrobacter_sp.
OTU400	Eukaryota	Obazoa	Opisthokonta	Fungi	Basidiomycota	Agaricomycotina	Agaricomycetes	Rigidoporus	Rigidoporus_vinctus
OTU401	Eukaryota	Obazoa	Opisthokonta	Fungi	Rozellomycota	Rozellomycota_X	Rozellomycota_XX	Rozellomycota_XXX	Rozellomycota_XXX_sp.
OTU402	Eukaryota	Obazoa	Opisthokonta	Fungi	Basidiomycota	Agaricomycotina	Agaricomycetes	Russula	Russula_abietina
OTU403	Bacteria	CCD	Patescibacteria	Patescibacteria_X	Saccharimonadia	Saccharimonadales	Saccharimonadales_X	Saccharimonadales_XX	Saccharimonadales_XX_sp.
OTU404	Eukaryota	Excavata	Metamonada	Preaxostyla	Preaxostyla_X	Oxymonadida	Saccinobaculidae	Saccinobaculus	Saccinobaculus_sp.
OTU405	Bacteria	PANNAM	Proteobacteria	Proteobacteria_X	Gammaproteobacteria	Vibrionales	Vibrionaceae	Salinivibrio	Salinivibrio_sp.
OTU406	Eukaryota	Obazoa	Opisthokonta	Metazoa	Craniata	Craniata_X	Teleostei	Salmo	Salmo_salar
OTU407	Bacteria	PANNAM	Proteobacteria	Proteobacteria_X	Gammaproteobacteria	Enterobacteriales	Enterobacteriaceae	Salmonella	Salmonella_enterica
OTU408	Bacteria	PANNAM	Proteobacteria	Proteobacteria_X	Gammaproteobacteria	Enterobacteriales	Enterobacteriaceae	Salmonella	Salmonella_sp.
OTU409	Eukaryota	Obazoa	Opisthokonta	Choanoflagellata	Choanoflagellatea	Choanoflagellatea_X	Choanoflagellatea_XX	Salpingoeca	Salpingoeca_sp.
OTU41	Bacteria	Terrabacteria	Actinobacteria	Actinobacteria_X	Actinobacteria_XX	Micrococcales	Micrococcaceae	Arthrobacter	Arthrobacter_stackebrandtii
OTU410	Eukaryota	Obazoa	Opisthokonta	Metazoa	Arthropoda	Chelicerata	Arachnida	Scaphidysderina	Scaphidysderina_tandapi
OTU411	Eukaryota	Obazoa	Opisthokonta	Metazoa	Platyhelminthes	Trematoda	Digenea	Schistosoma	Schistosoma_sp.
OTU412	Eukaryota	Obazoa	Opisthokonta	Metazoa	Platyhelminthes	Cestoda	Cestodaria	Schizocoerus	Schizocoerus_liguloideus
OTU413	Eukaryota	Excavata	Discoba	Euglenozoa	Kinetoplastea	Trypanosomatida	Trypanosomatidae	Schizotrypanum	Schizotrypanum_cruzi
OTU414	Eukaryota	Obazoa	Opisthokonta	Fungi	Mucoromycota	Glomeromycotina	Diversisporales	Scutellospora	Scutellospora_castanea
OTU415	Eukaryota	Excavata	Discoba	Discoba_X	Heterolobosea	Selenaionida	Selenaionidae	Selenaion	Selenaion_koniopes
OTU416	Eukaryota	TSAR	Alveolata	Apicomplexa	Gregarinomorphea	Gregarinomorphea_X	Gregarinomorphea_XX	Selenidium1	Selenidium1_sp.
OTU417	Bacteria	PANNAM	Proteobacteria	Proteobacteria_X	Gammaproteobacteria	Enterobacteriales	Enterobacteriaceae	Serratia	Serratia_sp.
OTU418	Eukaryota	TSAR	Alveolata	Ciliophora	Oligohymenophorea	Peritrichia_2	Sessilida	Sessilida_X	Sessilida_X_sp.
OTU419	Bacteria	PANNAM	Proteobacteria	Proteobacteria_X	Gammaproteobacteria	Alteromonadales	Shewanellaceae	Shewanella	Shewanella_sp.
OTU42	Eukaryota	Obazoa	Opisthokonta	Metazoa	Arthropoda	Hexapoda	Insecta	Arthropterus	Arthropterus_sp.
OTU420	Eukaryota	Obazoa	Opisthokonta	Metazoa	Arthropoda	Hexapoda	Insecta	Siphoninus	Siphoninus_phillyreae
OTU421	Eukaryota	TSAR	Stramenopiles	Gyrista	Mediophyceae	Thalassiosirales	Skeletonemaceae	Skeletonema	Skeletonema_sp.
OTU422	Eukaryota	Obazoa	Opisthokonta	Fungi	Ascomycota	Pezizomycotina	Sordariomycetes	Sordariomycetes_X	Sordariomycetes_X_sp.
OTU423	Eukaryota	Obazoa	Opisthokonta	Metazoa	Craniata	Craniata_X	Mammalia	Sorex	Sorex_araneus
OTU424	Eukaryota	Obazoa	Opisthokonta	Metazoa	Arthropoda	Hexapoda	Insecta	Speleketor	Speleketor_irwini
OTU425	Eukaryota	Haptista	Centroplasthelida	Centroplasthelida_X	Pterocystida	Pterista	Heterophryidae	Sphaerastrum	Sphaerastrum_fockii
OTU426	Eukaryota	TSAR	Alveolata	Ciliophora	Heterotrichea	Heterotrichea_X	Spirostomidae	Spirostomum	Spirostomum_sp.
OTU427	Eukaryota	TSAR	Rhizaria	Cercozoa	Filosa-Imbricatea	Spongomonadida	Spongomonadidae	Spongomonas	Spongomonas_minima
OTU428	Bacteria	Terrabacteria	Firmicutes	Firmicutes_X	Bacilli	Bacillales	Sporolactobacillaceae	Sporolactobacillus	Sporolactobacillus_sp.
OTU429	Bacteria	Terrabacteria	Firmicutes	Firmicutes_X	Bacilli	Bacillales	Planococcaceae	Sporosarcina	Sporosarcina_sp.
OTU43	Eukaryota	Obazoa	Opisthokonta	Metazoa	Nematoda	Chromadorea	Chromadorea_X	Ascaris	Ascaris_suum
OTU430	Bacteria	Terrabacteria	Firmicutes	Firmicutes_X	Bacilli	Bacillales	Staphylococcaceae	Staphylococcus	Staphylococcus_aureus
OTU431	Bacteria	Terrabacteria	Firmicutes	Firmicutes_X	Bacilli	Bacillales	Staphylococcaceae	Staphylococcus	Staphylococcus_sp.
OTU432	Eukaryota	TSAR	Stramenopiles	Gyrista	Bacillariophyceae	Naviculales	Stauroneidaceae	Stauroneis	Stauroneis_phoenicenteron
OTU433	Eukaryota	Obazoa	Opisthokonta	Metazoa	Platyhelminthes	Turbellaria	Catenulida	Stenostomum	Stenostomum_leucops
OTU434	Eukaryota	Obazoa	Opisthokonta	Metazoa	Hemichordata	Hemichordata_X	Hemichordata_XX	Stereobalanus	Stereobalanus_canadensis
OTU435	Eukaryota	Obazoa	Opisthokonta	Fungi	Ascomycota	Pezizomycotina	Dothideomycetes	Stigmina	Stigmina_platani
OTU436	Eukaryota	TSAR	Stramenopiles	Stramenopiles_X	Stramenopiles_X-Group-7	Stramenopiles_X-Group-7_X	Stramenopiles_X-Group-7_XX	Stramenopiles_X-Group-7_XXX	Stramenopiles_X-Group-7_XXX_sp.
OTU437	Bacteria	Terrabacteria	Firmicutes	Firmicutes_X	Bacilli	Lactobacillales	Streptococcaceae	Streptococcus	Streptococcus_sp.
OTU438	Bacteria	Terrabacteria	Actinobacteria	Actinobacteria_X	Actinobacteria_XX	Streptomycetales	Streptomycetaceae	Streptomyces	Streptomyces_sp.
OTU439	Eukaryota	TSAR	Alveolata	Ciliophora	Spirotrichea	Oligotrichida	Strombidiidae	Strombidiidae_X	Strombidiidae_X_sp.
OTU44	Eukaryota	Obazoa	Opisthokonta	Metazoa	Arthropoda	Crustacea	Malacostraca	Asellus	Asellus_aquaticus
OTU440	Eukaryota	Archaeplastida	Rhodophyta	Rhodophyta_X	Stylonematophyceae	Stylonematales	Stylonemataceae	Stylonema	Stylonema_alsidii
OTU441	Bacteria	PANNAM	Acidobacteria	Acidobacteria_X	Acidobacteriia	Subgroup_2	Subgroup_2_X	Subgroup_2_XX	Subgroup_2_XX_sp.
OTU442	Eukaryota	Obazoa	Opisthokonta	Metazoa	Arthropoda	Chelicerata	Arachnida	Suidasia	Suidasia_nesbitti
OTU443	Eukaryota	Obazoa	Opisthokonta	Fungi	Basidiomycota	Agaricomycotina	Agaricomycetes	Suillus	Suillus_sp.
OTU444	Bacteria	PANNAM	Epsilonbacteraeota	Epsilonbacteraeota_X	Campylobacteria	Campylobacterales	Sulfurovaceae	Sulfurovum	Sulfurovum_sp.
OTU445	Eukaryota	Obazoa	Opisthokonta	Metazoa	Arthropoda	Chelicerata	Arachnida	Surapoda	Surapoda_sp.
OTU446	Eukaryota	Obazoa	Opisthokonta	Metazoa	Craniata	Craniata_X	Mammalia	Sus	Sus_scrofa
OTU447	Eukaryota	Obazoa	Opisthokonta	Metazoa	Arthropoda	Crustacea	Malacostraca	Syneurycope	Syneurycope_sp.
OTU448	Eukaryota	Obazoa	Opisthokonta	Metazoa	Platyhelminthes	Cestoda	Eucestoda	Taenia	Taenia_crassiceps
OTU449	Eukaryota	Obazoa	Opisthokonta	Metazoa	Platyhelminthes	Cestoda	Eucestoda	Taenia	Taenia_hydatigena
OTU45	Eukaryota	Obazoa	Opisthokonta	Fungi	Ascomycota	Pezizomycotina	Eurotiomycetes	Aspergillus	Aspergillus_amstelodami
OTU450	Eukaryota	Obazoa	Opisthokonta	Metazoa	Platyhelminthes	Cestoda	Eucestoda	Taenia	Taenia_krepkogorski
OTU451	Eukaryota	Obazoa	Opisthokonta	Metazoa	Platyhelminthes	Cestoda	Eucestoda	Taenia	Taenia_martis
OTU452	Eukaryota	Obazoa	Opisthokonta	Metazoa	Platyhelminthes	Cestoda	Eucestoda	Taenia	Taenia_ovis
OTU453	Eukaryota	Obazoa	Opisthokonta	Metazoa	Platyhelminthes	Cestoda	Eucestoda	Taenia	Taenia_parva
OTU454	Eukaryota	Obazoa	Opisthokonta	Metazoa	Platyhelminthes	Cestoda	Eucestoda	Taenia	Taenia_taeniaeformis
OTU455	Eukaryota	Obazoa	Opisthokonta	Metazoa	Craniata	Craniata_X	Craniata_XX	Tarsius	Tarsius_syrichta
OTU456	Eukaryota	Obazoa	Opisthokonta	Fungi	Ascomycota	Pezizomycotina	Dothideomycetes	Teratosphaeria	Teratosphaeria_sp.
OTU457	Eukaryota	Obazoa	Opisthokonta	Fungi	Basidiomycota	Agaricomycotina	Agaricomycetes	Termitomyces	Termitomyces_sp.
OTU458	Bacteria	Terrabacteria	Firmicutes	Firmicutes_X	Clostridia	Clostridiales	Peptostreptococcaceae	Terrisporobacter	Terrisporobacter_sp.
OTU459	Eukaryota	Obazoa	Opisthokonta	Metazoa	Nematoda	Chromadorea	Chromadorea_X	Terschellingia	Terschellingia_longicaudata
OTU46	Eukaryota	Obazoa	Opisthokonta	Fungi	Ascomycota	Pezizomycotina	Eurotiomycetes	Aspergillus	Aspergillus_fumigatus
OTU460	Eukaryota	Obazoa	Opisthokonta	Metazoa	Arthropoda	Hexapoda	Insecta	Tessaratoma	Tessaratoma_papillosa
OTU461	Eukaryota	Obazoa	Opisthokonta	Metazoa	Arthropoda	Hexapoda	Insecta	Tetrasticta	Tetrasticta_sp.
OTU462	Eukaryota	Obazoa	Opisthokonta	Metazoa	Nematoda	Chromadorea	Chromadorea_X	Thelastoma	Thelastoma_icemi
OTU463	Eukaryota	Obazoa	Opisthokonta	Fungi	Ascomycota	Pezizomycotina	Lecanoromycetes	Thelocarpella	Thelocarpella_gordensis
OTU464	Eukaryota	Obazoa	Opisthokonta	Metazoa	Arthropoda	Hexapoda	Insecta	Themonocoris	Themonocoris_sp.
OTU465	Bacteria	PANNAM	Proteobacteria	Proteobacteria_X	Gammaproteobacteria	Halothiobacillales	Halothiobacillaceae	Thiofaba	Thiofaba_sp.
OTU466	Eukaryota	Obazoa	Opisthokonta	Fungi	Ascomycota	Pezizomycotina	Sordariomycetes	Tolypocladium	Tolypocladium_sp.
OTU467	Eukaryota	Obazoa	Opisthokonta	Metazoa	Nematoda	Chromadorea	Chromadorea_X	Toxocara	Toxocara_canis
OTU468	Eukaryota	TSAR	Alveolata	Ciliophora	Karyorelictea	Karyorelictea_X	Trachelocercidae	Trachelocercidae_X	Trachelocercidae_X_sp.
OTU469	Eukaryota	Excavata	Discoba	Euglenozoa	Euglenida	Euglenophyceae	Euglenaceae	Trachelomonas	Trachelomonas_sp.
OTU47	Eukaryota	Obazoa	Opisthokonta	Fungi	Ascomycota	Pezizomycotina	Eurotiomycetes	Aspergillus	Aspergillus_lentulus
OTU470	Eukaryota	Obazoa	Opisthokonta	Fungi	Basidiomycota	Agaricomycotina	Agaricomycetes	Trametes	Trametes_sanguinea
OTU471	Eukaryota	Obazoa	Opisthokonta	Fungi	Basidiomycota	Agaricomycotina	Tremellomycetes	Tremellomycetes_X	Tremellomycetes_X_sp.
OTU472	Eukaryota	Excavata	Metamonada	Fornicata	Fornicata_X	Diplomonadida	Hexamitidae	Trepomonas	Trepomonas_agilis
OTU473	Eukaryota	TSAR	Alveolata	Ciliophora	Litostomatea	Trichostomatia	Trichostomatia_X	Trichostomatia_XX	Trichostomatia_XX_sp.
OTU474	Eukaryota	Obazoa	Opisthokonta	Metazoa	Annelida	Annelida_X	Annelida_XX	Trypanosyllis	Trypanosyllis_zebra
OTU475	Eukaryota	Obazoa	Opisthokonta	Fungi	Ascomycota	Pezizomycotina	Dothideomycetes	Trypethelium	Trypethelium_nitidiusculum
OTU476	Eukaryota	Obazoa	Opisthokonta	Metazoa	Craniata	Craniata_X	Mammalia	Tupaia	Tupaia_belangeri
OTU477	Eukaryota	Obazoa	Opisthokonta	Metazoa	Craniata	Craniata_X	Mammalia	Tursiops	Tursiops_truncatus
OTU478	Eukaryota	Obazoa	Opisthokonta	Metazoa	Arthropoda	Crustacea	Malacostraca	Tylos	Tylos_sp.
OTU479	Eukaryota	Obazoa	Opisthokonta	Metazoa	Arthropoda	Hexapoda	Insecta	Udeocoris	Udeocoris_nigroaeneus
OTU48	Eukaryota	Obazoa	Opisthokonta	Fungi	Ascomycota	Pezizomycotina	Eurotiomycetes	Aspergillus	Aspergillus_nomiae
OTU480	Eukaryota	TSAR	Alveolata	Ciliophora	Spirotrichea	Choreotrichida-Tintinnina	Undellidae	Undellidae_X	Undellidae_X_sp.
OTU481	Eukaryota	Obazoa	Opisthokonta	Fungi	Basidiomycota	Ustilaginomycotina	Ustilaginomycetes	Urocystis	Urocystis_colchici
OTU482	Eukaryota	Obazoa	Opisthokonta	Fungi	Basidiomycota	Pucciniomycotina	Microbotryomycetes	Ustilentyloma	Ustilentyloma_fluitans
OTU483	Eukaryota	Obazoa	Opisthokonta	Fungi	Ascomycota	Pezizomycotina	Sordariomycetes	Verticillium	Verticillium_albo-atrum
OTU484	Eukaryota	Obazoa	Opisthokonta	Metazoa	Craniata	Craniata_X	Craniata_XX	Vicugna	Vicugna_pacos
OTU485	Eukaryota	Obazoa	Opisthokonta	Metazoa	Arthropoda	Chelicerata	Arachnida	Vidia	Vidia_sp.
OTU486	Eukaryota	Obazoa	Opisthokonta	Fungi	Basidiomycota	Wallemiomycetes	Wallemiales	Wallemiales_X	Wallemiales_X_sp.
OTU487	Eukaryota	Obazoa	Opisthokonta	Metazoa	Craniata	Craniata_X	Amphibia	Xenopus	Xenopus_tropicalis
OTU488	Eukaryota	Obazoa	Opisthokonta	Metazoa	Arthropoda	Crustacea	Ostracoda	Xestoleberis	Xestoleberis_sp.
OTU489	Eukaryota	Obazoa	Opisthokonta	Metazoa	Arthropoda	Chelicerata	Arachnida	Xyphinus	Xyphinus_sp.
OTU49	Eukaryota	Obazoa	Opisthokonta	Fungi	Ascomycota	Pezizomycotina	Eurotiomycetes	Aspergillus	Aspergillus_oryzae
OTU490	Eukaryota	Archaeplastida	Streptophyta	Streptophyta_X	Embryophyceae	Embryophyceae_X	Embryophyceae_XX	Zea	Zea_mays
OTU491	NA	NA	NA	NA	NA	NA	NA	NA	NA
OTU50	Eukaryota	Obazoa	Opisthokonta	Fungi	Ascomycota	Pezizomycotina	Eurotiomycetes	Aspergillus	Aspergillus_penicillioides
OTU51	Eukaryota	Obazoa	Opisthokonta	Fungi	Ascomycota	Pezizomycotina	Eurotiomycetes	Aspergillus	Aspergillus_sp.
OTU52	Eukaryota	Obazoa	Opisthokonta	Metazoa	Gastrotricha	Gastrotricha_X	Gastrotricha_XX	Aspidiophorus	Aspidiophorus_paramediterraneus
OTU53	Eukaryota	Obazoa	Opisthokonta	Metazoa	Arthropoda	Hexapoda	Insecta	Attacus	Attacus_ricini
OTU54	Eukaryota	TSAR	Stramenopiles	Bigyra	Sagenista	Labyrinthulomycetes	Thraustochytriaceae	Aurantiochytrium	Aurantiochytrium_sp.
OTU55	Eukaryota	Obazoa	Opisthokonta	Metazoa	Platyhelminthes	Cestoda	Cestodaria	Austramphilina	Austramphilina_elongata
OTU56	Bacteria	PANNAM	Proteobacteria	Proteobacteria_X	Gammaproteobacteria	Betaproteobacteriales	Rhodocyclaceae	Azospira	Azospira_sp.
OTU57	Bacteria	PANNAM	Proteobacteria	Proteobacteria_X	Gammaproteobacteria	Oceanospirillales	Pseudohongiellaceae	BIyi10	BIyi10_sp.
OTU58	Eukaryota	TSAR	Alveolata	Apicomplexa	Coccidiomorphea	Piroplasmorida	Babesiidae	Babesia2	Babesia2_bigemina
OTU59	Eukaryota	TSAR	Alveolata	Apicomplexa	Coccidiomorphea	Piroplasmorida	Babesiidae	Babesia	Babesia_bovis
OTU60	Eukaryota	TSAR	Stramenopiles	Gyrista	Bacillariophyceae	Bacillariophyceae_X	Bacillariophyceae_XX	Bacillariophyceae_XXX	Bacillariophyceae_XXX_sp.
OTU61	Bacteria	Terrabacteria	Firmicutes	Firmicutes_X	Bacilli	Bacillales	Bacillaceae	Bacillus	Bacillus_sp.
OTU62	Bacteria	Terrabacteria	Firmicutes	Firmicutes_X	Bacilli	Bacillales	Bacillaceae	Bacillus	Bacillus_thuringiensis
OTU63	Eukaryota	TSAR	Stramenopiles	Gyrista	Mediophyceae	Chaetocerotales	Chaetocerotaceae	Bacteriastrum	Bacteriastrum_furcatum
OTU64	Eukaryota	Obazoa	Opisthokonta	Metazoa	Mollusca	Gastropoda	Pleurobranchia	Bathyberthella	Bathyberthella_antarctica
OTU65	Eukaryota	Archaeplastida	Chlorophyta	Chlorophyta_X	Mamiellophyceae	Mamiellales	Bathycoccaceae	Bathycoccus	Bathycoccus_prasinos
OTU66	Eukaryota	Obazoa	Opisthokonta	Metazoa	Arthropoda	Hexapoda	Insecta	Batrachideidae	Batrachideidae_sp.
OTU67	Eukaryota	TSAR	Rhizaria	Foraminifera	Globothalamea	Rotaliida	Globigerinidae	Beella	Beella_digitata
OTU68	Eukaryota	Obazoa	Opisthokonta	Metazoa	Bryozoa	Bryozoa_X	Bryozoa_XX	Bicellariella	Bicellariella_ciliata
OTU69	Eukaryota	TSAR	Alveolata	Dinoflagellata	Dinophyceae	Suessiales	Suessiaceae	Biecheleria	Biecheleria_sp.
OTU70	Eukaryota	TSAR	Stramenopiles	Bigyra	Opalozoa	Opalinata	Blastocystis-Group	Blastocystis	Blastocystis_hominis
OTU71	Eukaryota	Archaeplastida	Chlorophyta	Chlorophyta_X	Ulvophyceae	Cladophorales	Cladophorales_X	Boergesenia	Boergesenia_forbesii
OTU72	Eukaryota	Obazoa	Opisthokonta	Fungi	Basidiomycota	Agaricomycotina	Agaricomycetes	Boletus	Boletus_sp.
OTU73	Eukaryota	Obazoa	Opisthokonta	Metazoa	Arthropoda	Hexapoda	Insecta	Bombus	Bombus_terrestris
OTU74	Eukaryota	Obazoa	Opisthokonta	Metazoa	Craniata	Craniata_X	Craniata_XX	Bos	Bos_indicus
OTU75	Eukaryota	Obazoa	Opisthokonta	Metazoa	Craniata	Craniata_X	Craniata_XX	Bos	Bos_taurus
OTU76	Bacteria	PANNAM	Proteobacteria	Proteobacteria_X	Alphaproteobacteria	Rhizobiales	Xanthobacteraceae	Bradyrhizobium	Bradyrhizobium_sp.
OTU77	Eukaryota	Obazoa	Opisthokonta	Metazoa	Craniata	Craniata_X	Craniata_XX	Bubalus	Bubalus_bubalis
OTU78	Eukaryota	Obazoa	Opisthokonta	Metazoa	Craniata	Craniata_X	Craniata_XX	Budorcas	Budorcas_taxicolor
OTU79	Eukaryota	Obazoa	Opisthokonta	Fungi	Ascomycota	Pezizomycotina	Lecanoromycetes	Buellia	Buellia_disciformis
OTU80	Eukaryota	Obazoa	Opisthokonta	Fungi	Ascomycota	Pezizomycotina	Lecanoromycetes	Buellia	Buellia_georgei
OTU81	Eukaryota	TSAR	Alveolata	Ciliophora	Armophorea	Armophorea_X	Caenomorphidae	Caenomorpha	Caenomorpha_sp.
OTU82	Eukaryota	Obazoa	Opisthokonta	Metazoa	Arthropoda	Crustacea	Maxillopoda	Caligus	Caligus_punctatus
OTU83	Eukaryota	Obazoa	Opisthokonta	Metazoa	Arthropoda	Chelicerata	Pycnogonida	Callipallene	Callipallene_novaezealandiae
OTU84	Eukaryota	Obazoa	Opisthokonta	Metazoa	Craniata	Craniata_X	Mammalia	Callithrix	Callithrix_jacchus
OTU85	Bacteria	PANNAM	Epsilonbacteraeota	Epsilonbacteraeota_X	Campylobacteria	Campylobacterales	Campylobacteraceae	Campylobacter	Campylobacter_jejuni
OTU86	Eukaryota	Obazoa	Opisthokonta	Fungi	Ascomycota	Saccharomycotina	Saccharomycetales	Candida	Candida_haemulonis
OTU87	Eukaryota	Obazoa	Opisthokonta	Fungi	Ascomycota	Saccharomycotina	Saccharomycetales	Candida	Candida_parapsilosis
OTU88	Eukaryota	Obazoa	Opisthokonta	Metazoa	Craniata	Craniata_X	Craniata_XX	Canis	Canis_lupus
OTU89	Eukaryota	Obazoa	Opisthokonta	Metazoa	Craniata	Craniata_X	Craniata_XX	Capra	Capra_hircus
OTU90	Bacteria	PANNAM	Proteobacteria	Proteobacteria_X	Gammaproteobacteria	Cardiobacteriales	Cardiobacteriaceae	Cardiobacterium	Cardiobacterium_sp.
OTU91	Eukaryota	TSAR	Alveolata	Ciliophora	Cariacotrichea	Cariacotrichea_X	Cariacotrichidae	Cariacothrix	Cariacothrix_sp.
OTU92	Eukaryota	Obazoa	Opisthokonta	Metazoa	Craniata	Craniata_X	Craniata_XX	Cavia	Cavia_porcellus
OTU93	Eukaryota	TSAR	Rhizaria	Cercozoa	Filosa-Sarcomonadea	Cercomonadida	Cercomonadidae	Cercomonas	Cercomonas_celer
OTU94	Eukaryota	TSAR	Rhizaria	Cercozoa	Cercozoa_X	Cercozoa_XX	Cercozoa_XXX	Cercozoa_XXXX	Cercozoa_XXXX_sp.
OTU95	Eukaryota	Archaeplastida	Streptophyta	Streptophyta_X	Charophyceae	Charophyceae_X	Charophyceae_XX	Chara	Chara_braunii
OTU96	Eukaryota	TSAR	Alveolata	Ciliophora	Phyllopharyngea	Cyrtophoria_4	Chilodonellidae	Chilodonellidae_X	Chilodonellidae_X_sp.
OTU97	Eukaryota	Excavata	Metamonada	Fornicata	Fornicata_X	Fornicata_XX	Retortamonadidae	Chilomastix	Chilomastix_mesnili
OTU98	Bacteria	PVC	Chlamydiae	Chlamydiae_X	Chlamydiae_XX	Chlamydiales	Chlamydiaceae	Chlamydia	Chlamydia_abortus
OTU99	Eukaryota	Archaeplastida	Chlorophyta	Chlorophyta_X	Trebouxiophyceae	Watanabea-Clade	Watanabea-Clade_X	Chloroidium	Chloroidium_lichenum